epoch,train loss,gen loss,train acc,gen_acc,prob_orig,prob_targ,train bal acc,train gm,test loss,major test acc,neutral test acc,minor test acc,test acc,f1 score,test bal acc,test gm
0,1.7036946364701462,0,41.88243355684988,0,0,0,17.129416411737555,12.03198531140496,1.7496723850568137,61.592592592592595,37.69444444444444,13.25925925925926,37.53333333333333,0,0.0,30.592592592592588
1,1.4049277040531418,0,50.163966521462484,0,0,0,25.65366716190291,20.79592174314029,1.704672192202674,68.0,36.02777777777778,11.703703703703704,38.32222222222222,0,0.0,31.46913580246914
2,1.2783911917436128,0,54.955704566589986,0,0,0,31.900207307944033,28.252895293316943,1.704672192202674,68.0,36.02777777777778,11.703703703703704,38.32222222222222,0,0.0,31.46913580246914
3,1.1468513725461031,0,59.13562723312613,0,0,0,38.53778226530168,38.20338112004681,1.5284340341885885,79.77777777777777,28.77777777777778,36.148148148148145,46.28888888888889,0,38.85456910951442,40.32098765432099
4,1.0129836877854197,0,64.07420096911557,0,0,0,46.22796076434897,48.01513454037104,1.6460930241478815,69.07407407407408,55.0,25.555555555555557,50.388888888888886,0,41.47660260692639,44.87654320987654
5,0.8846113941205137,0,69.12045421173707,0,0,0,54.207722304596636,56.81025724885275,1.212221641672982,80.5925925925926,50.361111111111114,50.333333333333336,59.422222222222224,0,57.15826815348783,54.9135802469136
6,0.7781267147699961,0,72.59067103910724,0,0,0,59.698946738688704,62.241540430614016,1.027088029517068,77.14814814814815,58.833333333333336,63.74074074074074,65.8,0,63.47987892017125,62.00000000000002
7,0.7162233742228292,0,75.1700846752484,0,0,0,63.63708856967286,66.10141871148431,1.027088029517068,77.14814814814815,58.833333333333336,63.74074074074074,65.8,0,63.47987892017125,62.00000000000002
8,0.6580900601175853,0,77.2796241006314,0,0,0,66.60057637714056,68.97763166487856,0.9512171010176341,86.07407407407408,54.361111111111114,68.29629629629629,68.05555555555556,0,66.55741455055436,64.50617283950616
9,0.6225044768314391,0,78.4543096275268,0,0,0,69.24386234689291,71.57245657956976,0.9512171010176341,86.07407407407408,54.361111111111114,68.29629629629629,68.05555555555556,0,66.55741455055436,64.50617283950616
10,0.5821519415988066,0,79.9471391512897,0,0,0,71.51600102738182,73.69186138851826,0.9498204423321618,79.07407407407408,65.19444444444444,64.77777777777777,69.23333333333333,0,67.4201235658298,65.81481481481481
11,0.5494437003928037,0,80.98477803338065,0,0,0,72.4078029919738,74.52941599812137,0.9498204423321618,79.07407407407408,65.19444444444444,64.77777777777777,69.23333333333333,0,67.4201235658298,65.81481481481481
12,0.5306677416548272,0,81.76790171797758,0,0,0,73.31438338539172,75.38556891510277,0.9498204423321618,79.07407407407408,65.19444444444444,64.77777777777777,69.23333333333333,0,67.4201235658298,65.81481481481481
13,0.5119466830423695,0,82.3895061426264,0,0,0,74.58701871528794,76.58404275353661,0.9498204423321618,79.07407407407408,65.19444444444444,64.77777777777777,69.23333333333333,0,67.4201235658298,65.81481481481481
14,0.48420182452036836,0,83.22157505751065,0,0,0,75.76539750181844,77.67644188592536,0.9498204423321618,79.07407407407408,65.19444444444444,64.77777777777777,69.23333333333333,0,67.4201235658298,65.81481481481481
15,0.46857140539302905,0,83.63271499192403,0,0,0,76.41931748995721,78.33815515648857,0.7465906216038598,85.11111111111111,63.72222222222222,81.0,75.32222222222222,0,73.2909371505962,72.58024691358025
16,0.46191557201074906,0,84.05853849542362,0,0,0,76.88091210365833,78.72425079184094,0.7465906216038598,85.11111111111111,63.72222222222222,81.0,75.32222222222222,0,73.2909371505962,72.58024691358025
17,0.4459718225443511,0,84.60672507464147,0,0,0,77.74119271518244,79.5593334845322,0.743327467309104,88.11111111111111,63.94444444444444,80.66666666666667,76.21111111111111,0,74.3682598097407,73.56790123456791
18,0.42481475787262907,0,85.36537614409475,0,0,0,78.90259944704951,80.63222967021125,0.743327467309104,88.11111111111111,63.94444444444444,80.66666666666667,76.21111111111111,0,74.3682598097407,73.56790123456791
19,0.4184330427843851,0,85.44858303558318,0,0,0,79.10502595262174,80.83425052629552,0.743327467309104,88.11111111111111,63.94444444444444,80.66666666666667,76.21111111111111,0,74.3682598097407,73.56790123456791
20,0.41297004643232715,0,85.77651607850815,0,0,0,79.81180045338176,81.49604098115077,0.743327467309104,88.11111111111111,63.94444444444444,80.66666666666667,76.21111111111111,0,74.3682598097407,73.56790123456791
21,0.39309301464330443,0,86.29533551955362,0,0,0,80.40698865582198,82.0539398879132,0.6721138096517987,87.03703703703704,71.72222222222223,78.4074074074074,78.32222222222222,0,77.54738949949318,75.91358024691358
22,0.39607391965225297,0,86.29533551955362,0,0,0,80.35544321819427,81.98967934688194,0.6721138096517987,87.03703703703704,71.72222222222223,78.4074074074074,78.32222222222222,0,77.54738949949318,75.91358024691358
23,0.385596519574143,0,86.57921785522001,0,0,0,80.73603751195878,82.34628242701315,0.6721138096517987,87.03703703703704,71.72222222222223,78.4074074074074,78.32222222222222,0,77.54738949949318,75.91358024691358
24,0.3683967362719365,0,87.31829083255836,0,0,0,81.93759965254526,83.49465254039613,0.6721138096517987,87.03703703703704,71.72222222222223,78.4074074074074,78.32222222222222,0,77.54738949949318,75.91358024691358
25,0.3576007139784294,0,87.94478978023592,0,0,0,82.60116083648509,84.09426831808676,0.7124035328626632,82.48148148148148,73.80555555555556,77.88888888888889,77.63333333333334,0,77.18043743978318,75.14814814814814
26,0.36216134433033104,0,87.56791150702364,0,0,0,81.86958400622333,83.39933773242589,0.7124035328626632,82.48148148148148,73.80555555555556,77.88888888888889,77.63333333333334,0,77.18043743978318,75.14814814814814
27,0.3569606669711376,0,87.7196417209143,0,0,0,82.46947643815278,83.9685111976291,0.7124035328626632,82.48148148148148,73.80555555555556,77.88888888888889,77.63333333333334,0,77.18043743978318,75.14814814814814
28,0.34103443129875666,0,88.3559297146493,0,0,0,83.47146379659603,84.90239351889353,0.7124035328626632,82.48148148148148,73.80555555555556,77.88888888888889,77.63333333333334,0,77.18043743978318,75.14814814814814
29,0.3432680630256797,0,88.1160980862415,0,0,0,82.79851072397798,84.27955025699245,0.7124035328626632,82.48148148148148,73.80555555555556,77.88888888888889,77.63333333333334,0,77.18043743978318,75.14814814814814
30,0.33068179530075403,0,88.50276540551123,0,0,0,83.69001030126265,85.11099505053093,0.7124035328626632,82.48148148148148,73.80555555555556,77.88888888888889,77.63333333333334,0,77.18043743978318,75.14814814814814
31,0.32785958996761283,0,88.59576134305712,0,0,0,83.8300088602546,85.21692746261657,0.7124035328626632,82.48148148148148,73.80555555555556,77.88888888888889,77.63333333333334,0,77.18043743978318,75.14814814814814
32,0.3241678372723469,0,88.91879986295335,0,0,0,84.13675455199964,85.51174503525849,0.7124035328626632,82.48148148148148,73.80555555555556,77.88888888888889,77.63333333333334,0,77.18043743978318,75.14814814814814
33,0.31804252716566195,0,89.07542459987275,0,0,0,84.35930928706293,85.73257928152898,0.690610725680987,87.33333333333333,73.30555555555556,76.66666666666667,78.52222222222223,0,78.00647443705795,76.13580246913581
34,0.3108981752613265,0,89.13415887621751,0,0,0,84.33368587779105,85.68068835738698,0.6724390778276655,86.07407407407408,75.44444444444444,79.92592592592592,79.97777777777777,0,79.19745083090034,77.75308641975307
35,0.2988096993053883,0,89.73129068572267,0,0,0,85.33992956250135,86.63582500682651,0.6724390778276655,86.07407407407408,75.44444444444444,79.92592592592592,79.97777777777777,0,79.19745083090034,77.75308641975307
36,0.3103440434308043,0,89.23204933679213,0,0,0,84.91344101281234,86.23617128721158,0.6724390778276655,86.07407407407408,75.44444444444444,79.92592592592592,79.97777777777777,0,79.19745083090034,77.75308641975307
37,0.31624022017963643,0,89.23204933679213,0,0,0,84.78508294243176,86.13068443740917,0.6724390778276655,86.07407407407408,75.44444444444444,79.92592592592592,79.97777777777777,0,79.19745083090034,77.75308641975307
38,0.29121952534807183,0,90.03475111350399,0,0,0,85.80962919307056,87.05240087356569,0.6724390778276655,86.07407407407408,75.44444444444444,79.92592592592592,79.97777777777777,0,79.19745083090034,77.75308641975307
39,0.2910879278460425,0,89.79491948509617,0,0,0,85.18666102481991,86.48951422524091,0.6724390778276655,86.07407407407408,75.44444444444444,79.92592592592592,79.97777777777777,0,79.19745083090034,77.75308641975307
40,0.2873492390654008,0,90.12285252802114,0,0,0,85.86461431206449,87.10271169351181,0.6724390778276655,86.07407407407408,75.44444444444444,79.92592592592592,79.97777777777777,0,79.19745083090034,77.75308641975307
41,0.2842532195558189,0,89.99559492927415,0,0,0,85.89668229091212,87.16401921198761,0.6724390778276655,86.07407407407408,75.44444444444444,79.92592592592592,79.97777777777777,0,79.19745083090034,77.75308641975307
42,0.2849052930502842,0,90.1326415740786,0,0,0,85.93582451541403,87.18653982520235,0.6724390778276655,86.07407407407408,75.44444444444444,79.92592592592592,79.97777777777777,0,79.19745083090034,77.75308641975307
43,0.2798818547985556,0,90.26479369585434,0,0,0,86.20309640760185,87.4402969366251,0.6724390778276655,86.07407407407408,75.44444444444444,79.92592592592592,79.97777777777777,0,79.19745083090034,77.75308641975307
44,0.2725951070711071,0,90.62698839998042,0,0,0,86.71858100783996,87.90233314064338,0.6724390778276655,86.07407407407408,75.44444444444444,79.92592592592592,79.97777777777777,0,79.19745083090034,77.75308641975307
45,0.26923764215698504,0,90.65146101512407,0,0,0,86.95133209558846,88.12825880302793,0.6724390778276655,86.07407407407408,75.44444444444444,79.92592592592592,79.97777777777777,0,79.19745083090034,77.75308641975307
46,0.28332541637422753,0,90.07880182076256,0,0,0,85.87916323343862,87.14237561160996,0.6724390778276655,86.07407407407408,75.44444444444444,79.92592592592592,79.97777777777777,0,79.19745083090034,77.75308641975307
47,0.2614593695677603,0,90.87171455141697,0,0,0,87.12042376301694,88.27102983972057,0.6724390778276655,86.07407407407408,75.44444444444444,79.92592592592592,79.97777777777777,0,79.19745083090034,77.75308641975307
48,0.26215535267953405,0,90.60251578483677,0,0,0,86.82576547670405,88.0005049677837,0.6724390778276655,86.07407407407408,75.44444444444444,79.92592592592592,79.97777777777777,0,79.19745083090034,77.75308641975307
49,0.2715306785675136,0,90.53888698546326,0,0,0,86.73697653937951,87.92825798968724,0.6724390778276655,86.07407407407408,75.44444444444444,79.92592592592592,79.97777777777777,0,79.19745083090034,77.75308641975307
50,0.2566990491769882,0,90.67593363026774,0,0,0,86.69999385940179,87.8786430375171,0.7401290244526333,90.0,76.63888888888889,72.22222222222223,79.32222222222222,0,78.86562914901494,77.02469135802468
51,0.25172352635774675,0,91.29264353188782,0,0,0,87.66444203848596,88.78243245568392,0.7401290244526333,90.0,76.63888888888889,72.22222222222223,79.32222222222222,0,78.86562914901494,77.02469135802468
52,0.25198953779504824,0,91.07238999559493,0,0,0,87.17381573992947,88.32124011627714,0.7401290244526333,90.0,76.63888888888889,72.22222222222223,79.32222222222222,0,78.86562914901494,77.02469135802468
53,0.25297777598244137,0,91.27795996280163,0,0,0,87.83357303429766,88.93230095642424,0.7401290244526333,90.0,76.63888888888889,72.22222222222223,79.32222222222222,0,78.86562914901494,77.02469135802468
54,0.24386949794249624,0,91.39542851549116,0,0,0,87.67614433744723,88.79186038709477,0.7401290244526333,90.0,76.63888888888889,72.22222222222223,79.32222222222222,0,78.86562914901494,77.02469135802468
55,0.23567316865706303,0,91.78699035778963,0,0,0,88.56417812056905,89.60328035984725,0.7401290244526333,90.0,76.63888888888889,72.22222222222223,79.32222222222222,0,78.86562914901494,77.02469135802468
56,0.24195223785311423,0,91.54715872938182,0,0,0,88.15724245984174,89.23200621716369,0.7401290244526333,90.0,76.63888888888889,72.22222222222223,79.32222222222222,0,78.86562914901494,77.02469135802468
57,0.2501463109571663,0,91.24859282462924,0,0,0,87.46252246760623,88.59547023872628,0.7401290244526333,90.0,76.63888888888889,72.22222222222223,79.32222222222222,0,78.86562914901494,77.02469135802468
58,0.23599304200622,0,91.63036562087025,0,0,0,88.19097751232844,89.26912014027279,0.7401290244526333,90.0,76.63888888888889,72.22222222222223,79.32222222222222,0,78.86562914901494,77.02469135802468
59,0.22968126640236505,0,91.95340414076648,0,0,0,88.59576157112573,89.64623360649445,0.7401290244526333,90.0,76.63888888888889,72.22222222222223,79.32222222222222,0,78.86562914901494,77.02469135802468
60,0.23367442552108408,0,91.76741226567471,0,0,0,88.50235522341646,89.5555248648052,0.7401290244526333,90.0,76.63888888888889,72.22222222222223,79.32222222222222,0,78.86562914901494,77.02469135802468
61,0.2272520858837664,0,91.91914247956537,0,0,0,88.66121742735498,89.69279961351809,0.7401290244526333,90.0,76.63888888888889,72.22222222222223,79.32222222222222,0,78.86562914901494,77.02469135802468
62,0.23702840250667206,0,91.63036562087025,0,0,0,88.2471171422745,89.30609898718672,0.7401290244526333,90.0,76.63888888888889,72.22222222222223,79.32222222222222,0,78.86562914901494,77.02469135802468
63,0.21315742938095858,0,92.42817287455337,0,0,0,89.3140848382281,90.29885032448996,0.7401290244526333,90.0,76.63888888888889,72.22222222222223,79.32222222222222,0,78.86562914901494,77.02469135802468
64,0.2222630091547225,0,92.26665361460526,0,0,0,88.93161157244309,89.95465969747364,0.7401290244526333,90.0,76.63888888888889,72.22222222222223,79.32222222222222,0,78.86562914901494,77.02469135802468
65,0.23418955277412873,0,91.48352993000832,0,0,0,88.00018809420149,89.09286442814084,0.7401290244526333,90.0,76.63888888888889,72.22222222222223,79.32222222222222,0,78.86562914901494,77.02469135802468
66,0.23441864547269248,0,91.74783417355978,0,0,0,88.09756021495375,89.18573727917055,0.7401290244526333,90.0,76.63888888888889,72.22222222222223,79.32222222222222,0,78.86562914901494,77.02469135802468
67,0.21991538872955002,0,92.42327835152464,0,0,0,88.99539654394641,89.9995671091653,0.7401290244526333,90.0,76.63888888888889,72.22222222222223,79.32222222222222,0,78.86562914901494,77.02469135802468
68,0.22350439656691592,0,92.20791933826048,0,0,0,89.08721567352906,90.08865834037351,0.7401290244526333,90.0,76.63888888888889,72.22222222222223,79.32222222222222,0,78.86562914901494,77.02469135802468
69,0.22471691294684062,0,92.12960696980079,0,0,0,88.78561360309492,89.81566140215745,0.7401290244526333,90.0,76.63888888888889,72.22222222222223,79.32222222222222,0,78.86562914901494,77.02469135802468
70,0.2337229916021154,0,91.61568205178405,0,0,0,88.10946260355591,89.19859230355031,0.7401290244526333,90.0,76.63888888888889,72.22222222222223,79.32222222222222,0,78.86562914901494,77.02469135802468
71,0.22897478719738096,0,92.09045078557095,0,0,0,88.86185301308896,89.88420046164606,0.7401290244526333,90.0,76.63888888888889,72.22222222222223,79.32222222222222,0,78.86562914901494,77.02469135802468
72,0.2215067675288603,0,92.21770838431794,0,0,0,89.21042540430378,90.18827299135727,0.7401290244526333,90.0,76.63888888888889,72.22222222222223,79.32222222222222,0,78.86562914901494,77.02469135802468
73,0.20941277723160442,0,92.57011404238656,0,0,0,89.76591769824341,90.71408764845835,0.7401290244526333,90.0,76.63888888888889,72.22222222222223,79.32222222222222,0,78.86562914901494,77.02469135802468
74,0.22259048400112644,0,92.32538789095003,0,0,0,89.29297834830336,90.28407631223173,0.7401290244526333,90.0,76.63888888888889,72.22222222222223,79.32222222222222,0,78.86562914901494,77.02469135802468
75,0.20938512862916034,0,92.50159071998434,0,0,0,88.96542574228046,89.96235746273258,0.7401290244526333,90.0,76.63888888888889,72.22222222222223,79.32222222222222,0,78.86562914901494,77.02469135802468
76,0.21811357678648693,0,92.13939601585825,0,0,0,89.0026393607808,90.02359439946707,0.7401290244526333,90.0,76.63888888888889,72.22222222222223,79.32222222222222,0,78.86562914901494,77.02469135802468
77,0.20074321749110466,0,93.1134060985757,0,0,0,90.4896624541832,91.37292940355304,0.7401290244526333,90.0,76.63888888888889,72.22222222222223,79.32222222222222,0,78.86562914901494,77.02469135802468
78,0.21231373655895824,0,92.34496598306495,0,0,0,89.24243381246366,90.22183164347678,0.7401290244526333,90.0,76.63888888888889,72.22222222222223,79.32222222222222,0,78.86562914901494,77.02469135802468
79,0.20158043661444766,0,93.04488277617347,0,0,0,90.3184650303298,91.2183947931095,0.7401290244526333,90.0,76.63888888888889,72.22222222222223,79.32222222222222,0,78.86562914901494,77.02469135802468
80,0.20878857134602843,0,92.50648524301307,0,0,0,89.30822288733664,90.2924145072835,0.7401290244526333,90.0,76.63888888888889,72.22222222222223,79.32222222222222,0,78.86562914901494,77.02469135802468
81,0.21331228012351539,0,92.60437570358769,0,0,0,89.98797599615745,90.91996114899501,0.7401290244526333,90.0,76.63888888888889,72.22222222222223,79.32222222222222,0,78.86562914901494,77.02469135802468
82,0.21878690827561512,0,92.22749743037541,0,0,0,89.15183890521512,90.16284738700728,0.7401290244526333,90.0,76.63888888888889,72.22222222222223,79.32222222222222,0,78.86562914901494,77.02469135802468
83,0.20148827300320976,0,93.0840389604033,0,0,0,90.20206768712062,91.11177102254425,0.7401290244526333,90.0,76.63888888888889,72.22222222222223,79.32222222222222,0,78.86562914901494,77.02469135802468
84,0.2109174477208595,0,92.59948118055895,0,0,0,89.38045655289443,90.34532459567548,0.7401290244526333,90.0,76.63888888888889,72.22222222222223,79.32222222222222,0,78.86562914901494,77.02469135802468
85,0.20324172800224752,0,92.79526210170819,0,0,0,89.76561126600018,90.71255869548708,0.7401290244526333,90.0,76.63888888888889,72.22222222222223,79.32222222222222,0,78.86562914901494,77.02469135802468
86,0.19139200051061547,0,93.25534726640889,0,0,0,90.49474272426733,91.39039462737418,0.7401290244526333,90.0,76.63888888888889,72.22222222222223,79.32222222222222,0,78.86562914901494,77.02469135802468
87,0.20588869597002668,0,92.80994567079438,0,0,0,89.84725234771805,90.78903165821106,0.7401290244526333,90.0,76.63888888888889,72.22222222222223,79.32222222222222,0,78.86562914901494,77.02469135802468
88,0.20178310355684562,0,92.91273065439773,0,0,0,90.06678031344096,90.99997296933353,0.7401290244526333,90.0,76.63888888888889,72.22222222222223,79.32222222222222,0,78.86562914901494,77.02469135802468
89,0.19190993452949104,0,93.33365963486858,0,0,0,90.6669122415396,91.53181310951616,0.7546138697200351,89.92592592592592,74.97222222222223,75.77777777777777,79.7,0,79.1349338182506,77.44444444444444
90,0.1999803666054756,0,93.01551563800108,0,0,0,90.14195437715338,91.0612312860144,0.7546138697200351,89.92592592592592,74.97222222222223,75.77777777777777,79.7,0,79.1349338182506,77.44444444444444
91,0.2039953635892564,0,92.61416474964514,0,0,0,89.62878519092705,90.58859194629265,0.7546138697200351,89.92592592592592,74.97222222222223,75.77777777777777,79.7,0,79.1349338182506,77.44444444444444
92,0.1950458098082785,0,93.10361705251823,0,0,0,90.20411752687127,91.11930250152642,0.7546138697200351,89.92592592592592,74.97222222222223,75.77777777777777,79.7,0,79.1349338182506,77.44444444444444
93,0.19417359983890126,0,93.32387058881112,0,0,0,90.44348910525895,91.32734906015894,0.7546138697200351,89.92592592592592,74.97222222222223,75.77777777777777,79.7,0,79.1349338182506,77.44444444444444
94,0.19767452559015555,0,92.93720326954138,0,0,0,89.99592021306823,90.92766882843374,0.7546138697200351,89.92592592592592,74.97222222222223,75.77777777777777,79.7,0,79.1349338182506,77.44444444444444
95,0.19741441423593886,0,93.19661299006412,0,0,0,90.51362767200271,91.39892650586413,0.7546138697200351,89.92592592592592,74.97222222222223,75.77777777777777,79.7,0,79.1349338182506,77.44444444444444
96,0.19171175323483247,0,93.38260486515588,0,0,0,90.70270184838436,91.57372155869584,0.7546138697200351,89.92592592592592,74.97222222222223,75.77777777777777,79.7,0,79.1349338182506,77.44444444444444
97,0.20071316457525246,0,92.907836131369,0,0,0,89.8811644285813,90.8229726347366,0.7546138697200351,89.92592592592592,74.97222222222223,75.77777777777777,79.7,0,79.1349338182506,77.44444444444444
98,0.18010512667178735,0,93.66159267779355,0,0,0,91.13466620429077,91.96912876671715,0.6408849146631029,91.55555555555556,76.94444444444444,79.44444444444444,82.07777777777778,0,81.73275195940737,80.08641975308642
99,0.20574842589663886,0,92.83441828593803,0,0,0,90.02877128067934,90.94963852442535,0.6408849146631029,91.55555555555556,76.94444444444444,79.44444444444444,82.07777777777778,0,81.73275195940737,80.08641975308642
100,0.1932326763478864,0,93.162351328863,0,0,0,90.23503668180844,91.1387028656033,0.6408849146631029,91.55555555555556,76.94444444444444,79.44444444444444,82.07777777777778,0,81.73275195940737,80.08641975308642
101,0.18289908348907197,0,93.56370221721893,0,0,0,91.15166798651586,91.98585693135801,0.6408849146631029,91.55555555555556,76.94444444444444,79.44444444444444,82.07777777777778,0,81.73275195940737,80.08641975308642
102,0.1885664995389038,0,93.46581175664431,0,0,0,90.75984288877615,91.6270105121956,0.6408849146631029,91.55555555555556,76.94444444444444,79.44444444444444,82.07777777777778,0,81.73275195940737,80.08641975308642
103,0.19557120016735502,0,93.13787871371935,0,0,0,90.32753298554795,91.22114791901289,0.6408849146631029,91.55555555555556,76.94444444444444,79.44444444444444,82.07777777777778,0,81.73275195940737,80.08641975308642
104,0.1895973219038789,0,93.29450345063873,0,0,0,90.80050624947107,91.6633521853527,0.6408849146631029,91.55555555555556,76.94444444444444,79.44444444444444,82.07777777777778,0,81.73275195940737,80.08641975308642
105,0.18357274028606207,0,93.59306935539132,0,0,0,91.05742828018954,91.88872837665691,0.6408849146631029,91.55555555555556,76.94444444444444,79.44444444444444,82.07777777777778,0,81.73275195940737,80.08641975308642
106,0.19144124201735552,0,93.18192942097792,0,0,0,90.16426970903201,91.08081357908219,0.6408849146631029,91.55555555555556,76.94444444444444,79.44444444444444,82.07777777777778,0,81.73275195940737,80.08641975308642
107,0.18970677976151767,0,93.51475698693163,0,0,0,90.68397004534698,91.55298942095268,0.6408849146631029,91.55555555555556,76.94444444444444,79.44444444444444,82.07777777777778,0,81.73275195940737,80.08641975308642
108,0.17153068315317077,0,93.99931476677598,0,0,0,91.73273853443874,92.50477496605441,0.6408849146631029,91.55555555555556,76.94444444444444,79.44444444444444,82.07777777777778,0,81.73275195940737,80.08641975308642
109,0.18965115651067474,0,93.27003083549508,0,0,0,90.43270781045578,91.31728252728897,0.6408849146631029,91.55555555555556,76.94444444444444,79.44444444444444,82.07777777777778,0,81.73275195940737,80.08641975308642
110,0.1891880453392877,0,93.39239391121335,0,0,0,90.80925611497344,91.66756949629307,0.6408849146631029,91.55555555555556,76.94444444444444,79.44444444444444,82.07777777777778,0,81.73275195940737,80.08641975308642
111,0.1869954781012472,0,93.26024178943761,0,0,0,90.3006264079839,91.20422595623737,0.6408849146631029,91.55555555555556,76.94444444444444,79.44444444444444,82.07777777777778,0,81.73275195940737,80.08641975308642
112,0.19066928533997562,0,93.45602271058685,0,0,0,90.88669314040388,91.74261498591144,0.6408849146631029,91.55555555555556,76.94444444444444,79.44444444444444,82.07777777777778,0,81.73275195940737,80.08641975308642
113,0.18518238327221212,0,93.58328030933386,0,0,0,91.12849207285161,91.96567038571882,0.6408849146631029,91.55555555555556,76.94444444444444,79.44444444444444,82.07777777777778,0,81.73275195940737,80.08641975308642
114,0.18617456552478326,0,93.5734912632764,0,0,0,90.96073500436765,91.80760252985604,0.607933129535781,88.62962962962963,76.55555555555556,83.33333333333333,82.21111111111111,0,81.95184675678824,80.23456790123456
115,0.17687660187525137,0,93.72522147716705,0,0,0,91.2511656116178,92.0695070684306,0.607933129535781,88.62962962962963,76.55555555555556,83.33333333333333,82.21111111111111,0,81.95184675678824,80.23456790123456
116,0.17554392743335878,0,93.87695169105771,0,0,0,91.51419724478338,92.31865494760498,0.607933129535781,88.62962962962963,76.55555555555556,83.33333333333333,82.21111111111111,0,81.95184675678824,80.23456790123456
117,0.19451864146775222,0,93.20640203612157,0,0,0,90.1856064363987,91.09294788029744,0.607933129535781,88.62962962962963,76.55555555555556,83.33333333333333,82.21111111111111,0,81.95184675678824,80.23456790123456
118,0.19144716965858122,0,93.26024178943761,0,0,0,90.61564329433128,91.49504401579743,0.607933129535781,88.62962962962963,76.55555555555556,83.33333333333333,82.21111111111111,0,81.95184675678824,80.23456790123456
119,0.18036693369223153,0,93.72522147716705,0,0,0,91.4886792335079,92.27844683897459,0.607933129535781,88.62962962962963,76.55555555555556,83.33333333333333,82.21111111111111,0,81.95184675678824,80.23456790123456
120,0.18367648472736237,0,93.68117076990848,0,0,0,91.1841081775102,92.01070741140991,0.607933129535781,88.62962962962963,76.55555555555556,83.33333333333333,82.21111111111111,0,81.95184675678824,80.23456790123456
121,0.17664358472676478,0,93.76927218442563,0,0,0,91.4175134096998,92.22557456990198,0.607933129535781,88.62962962962963,76.55555555555556,83.33333333333333,82.21111111111111,0,81.95184675678824,80.23456790123456
122,0.17196670733565458,0,93.85737359894279,0,0,0,91.26016472541245,92.07182593804544,0.607933129535781,88.62962962962963,76.55555555555556,83.33333333333333,82.21111111111111,0,81.95184675678824,80.23456790123456
123,0.1812302924484404,0,93.6860652929372,0,0,0,91.26937369433814,92.08819842524424,0.607933129535781,88.62962962962963,76.55555555555556,83.33333333333333,82.21111111111111,0,81.95184675678824,80.23456790123456
124,0.18220426677478918,0,93.57838578630512,0,0,0,90.99507860286027,91.83775308617612,0.607933129535781,88.62962962962963,76.55555555555556,83.33333333333333,82.21111111111111,0,81.95184675678824,80.23456790123456
125,0.19570450995728797,0,92.97635945377122,0,0,0,90.16522767279612,91.07637556627203,0.607933129535781,88.62962962962963,76.55555555555556,83.33333333333333,82.21111111111111,0,81.95184675678824,80.23456790123456
126,0.18266818555322933,0,93.51965150996035,0,0,0,90.67713820831838,91.54614103335184,0.607933129535781,88.62962962962963,76.55555555555556,83.33333333333333,82.21111111111111,0,81.95184675678824,80.23456790123456
127,0.17325612342799324,0,94.00910381283344,0,0,0,91.52308118442471,92.32698575495539,0.607933129535781,88.62962962962963,76.55555555555556,83.33333333333333,82.21111111111111,0,81.95184675678824,80.23456790123456
128,0.17370305568786462,0,93.97484215163233,0,0,0,91.47165994888617,92.27385129813658,0.607933129535781,88.62962962962963,76.55555555555556,83.33333333333333,82.21111111111111,0,81.95184675678824,80.23456790123456
129,0.1891136096492224,0,93.29450345063873,0,0,0,90.64222163015995,91.52262636381433,0.607933129535781,88.62962962962963,76.55555555555556,83.33333333333333,82.21111111111111,0,81.95184675678824,80.23456790123456
130,0.17450026768483018,0,93.8280064607704,0,0,0,91.28841960438116,92.10500884000177,0.607933129535781,88.62962962962963,76.55555555555556,83.33333333333333,82.21111111111111,0,81.95184675678824,80.23456790123456
131,0.1864895187892681,0,93.45112818755813,0,0,0,90.74372824787768,91.608077084386,0.607933129535781,88.62962962962963,76.55555555555556,83.33333333333333,82.21111111111111,0,81.95184675678824,80.23456790123456
132,0.17267271007179752,0,93.88674073711516,0,0,0,91.38806891939265,92.19953811792833,0.607933129535781,88.62962962962963,76.55555555555556,83.33333333333333,82.21111111111111,0,81.95184675678824,80.23456790123456
133,0.16711212188992974,0,94.33703685575841,0,0,0,92.11471400677553,92.85567434990276,0.607933129535781,88.62962962962963,76.55555555555556,83.33333333333333,82.21111111111111,0,81.95184675678824,80.23456790123456
134,0.178996601553383,0,93.60285840144878,0,0,0,91.00337873599706,91.84707935117666,0.607933129535781,88.62962962962963,76.55555555555556,83.33333333333333,82.21111111111111,0,81.95184675678824,80.23456790123456
135,0.18189615396380068,0,93.67138172385101,0,0,0,91.02302915118149,91.86123966156963,0.607933129535781,88.62962962962963,76.55555555555556,83.33333333333333,82.21111111111111,0,81.95184675678824,80.23456790123456
136,0.1778325533415858,0,93.69095981596594,0,0,0,90.93891673408415,91.79472028482827,0.607933129535781,88.62962962962963,76.55555555555556,83.33333333333333,82.21111111111111,0,81.95184675678824,80.23456790123456
137,0.1879163088952443,0,93.30429249669619,0,0,0,90.60837965775862,91.49319597590458,0.607933129535781,88.62962962962963,76.55555555555556,83.33333333333333,82.21111111111111,0,81.95184675678824,80.23456790123456
138,0.169749396883918,0,94.13146688855171,0,0,0,91.7121226377243,92.48792894447514,0.607933129535781,88.62962962962963,76.55555555555556,83.33333333333333,82.21111111111111,0,81.95184675678824,80.23456790123456
139,0.18060300696451032,0,93.76437766139689,0,0,0,91.37399713948379,92.18692842553602,0.607933129535781,88.62962962962963,76.55555555555556,83.33333333333333,82.21111111111111,0,81.95184675678824,80.23456790123456
140,0.18044065473993517,0,93.73501052322452,0,0,0,91.22225130533889,92.04860886264434,0.607933129535781,88.62962962962963,76.55555555555556,83.33333333333333,82.21111111111111,0,81.95184675678824,80.23456790123456
141,0.18187063357114827,0,93.65180363173609,0,0,0,91.3296822940239,92.14878843836061,0.607933129535781,88.62962962962963,76.55555555555556,83.33333333333333,82.21111111111111,0,81.95184675678824,80.23456790123456
142,0.16996741608914973,0,93.94547501345994,0,0,0,91.49258902124153,92.29227646816659,0.652219914065467,92.07407407407408,75.27777777777777,81.18518518518519,82.08888888888889,0,81.65702258482733,80.09876543209877
143,0.17492306281318223,0,93.8916352601439,0,0,0,91.1469442392912,91.97372347949896,0.652219914065467,92.07407407407408,75.27777777777777,81.18518518518519,82.08888888888889,0,81.65702258482733,80.09876543209877
144,0.1634718698716235,0,94.20488473398267,0,0,0,91.80851192909013,92.58695275753253,0.652219914065467,92.07407407407408,75.27777777777777,81.18518518518519,82.08888888888889,0,81.65702258482733,80.09876543209877
145,0.17269771090615638,0,93.87695169105771,0,0,0,91.32894214585373,92.13774992037797,0.652219914065467,92.07407407407408,75.27777777777777,81.18518518518519,82.08888888888889,0,81.65702258482733,80.09876543209877
146,0.18679080625943026,0,93.47560080270178,0,0,0,90.63237153610535,91.50277341268071,0.652219914065467,92.07407407407408,75.27777777777777,81.18518518518519,82.08888888888889,0,81.65702258482733,80.09876543209877
147,0.15927204493062913,0,94.36150947090206,0,0,0,92.1644954654117,92.90718813131834,0.652219914065467,92.07407407407408,75.27777777777777,81.18518518518519,82.08888888888889,0,81.65702258482733,80.09876543209877
148,0.1828975773500653,0,93.38260486515588,0,0,0,90.7085780063939,91.57910516822817,0.652219914065467,92.07407407407408,75.27777777777777,81.18518518518519,82.08888888888889,0,81.65702258482733,80.09876543209877
149,0.18613247977904557,0,93.4315500954432,0,0,0,90.58544701463134,91.46426258273843,0.652219914065467,92.07407407407408,75.27777777777777,81.18518518518519,82.08888888888889,0,81.65702258482733,80.09876543209877
150,0.1750585213846925,0,93.99931476677598,0,0,0,91.48446997219298,92.28221815197786,0.652219914065467,92.07407407407408,75.27777777777777,81.18518518518519,82.08888888888889,0,81.65702258482733,80.09876543209877
151,0.17011032167715093,0,94.00910381283344,0,0,0,91.22791201131746,92.0533667301819,0.652219914065467,92.07407407407408,75.27777777777777,81.18518518518519,82.08888888888889,0,81.65702258482733,80.09876543209877
152,0.1617521752529187,0,94.18530664186775,0,0,0,91.8617414594612,92.63332784646255,0.652219914065467,92.07407407407408,75.27777777777777,81.18518518518519,82.08888888888889,0,81.65702258482733,80.09876543209877
153,0.16906491279132355,0,94.09231070432186,0,0,0,91.36735465758156,92.17604245972771,0.652219914065467,92.07407407407408,75.27777777777777,81.18518518518519,82.08888888888889,0,81.65702258482733,80.09876543209877
154,0.16686225514566314,0,94.02868190494836,0,0,0,91.59895788840744,92.38663162149933,0.652219914065467,92.07407407407408,75.27777777777777,81.18518518518519,82.08888888888889,0,81.65702258482733,80.09876543209877
155,0.17223234268911936,0,94.05804904312075,0,0,0,91.60956885265898,92.39983140493713,0.652219914065467,92.07407407407408,75.27777777777777,81.18518518518519,82.08888888888889,0,81.65702258482733,80.09876543209877
156,0.18322682199799759,0,93.76927218442563,0,0,0,91.18438633280552,92.01327662704304,0.652219914065467,92.07407407407408,75.27777777777777,81.18518518518519,82.08888888888889,0,81.65702258482733,80.09876543209877
157,0.16340351685692717,0,94.14125593460918,0,0,0,91.81317280672496,92.58609084462672,0.652219914065467,92.07407407407408,75.27777777777777,81.18518518518519,82.08888888888889,0,81.65702258482733,80.09876543209877
158,0.15762554872497508,0,94.5426068229651,0,0,0,92.22791189529431,92.95474759756382,0.652219914065467,92.07407407407408,75.27777777777777,81.18518518518519,82.08888888888889,0,81.65702258482733,80.09876543209877
159,0.17291602437048428,0,93.93079144437374,0,0,0,91.56771833466786,92.36448196554645,0.652219914065467,92.07407407407408,75.27777777777777,81.18518518518519,82.08888888888889,0,81.65702258482733,80.09876543209877
160,0.13571209603775897,0,95.33062503059077,0,0,0,92.69424401934779,93.35149589535318,0.652219914065467,92.07407407407408,75.27777777777777,81.18518518518519,82.08888888888889,0,81.65702258482733,80.09876543209877
161,0.1047034433576412,0,96.48083794234252,0,0,0,94.87015755928834,95.35680811548343,0.5466123031245338,92.33333333333333,81.02777777777777,82.07407407407408,84.73333333333333,0,84.48462240451664,83.03703703703704
162,0.09225901639687321,0,96.85282169252606,0,0,0,95.50592487287439,95.93622730637367,0.522786060306761,92.11111111111111,81.72222222222223,83.22222222222223,85.28888888888889,0,85.07919267362459,83.6543209876543
163,0.08304700833250671,0,97.45974254808868,0,0,0,96.38649685617764,96.73611807508145,0.5074285480711195,92.07407407407408,81.91666666666667,84.4074074074074,85.71111111111111,0,85.50671822975451,84.12345679012347
164,0.07740447152097649,0,97.54294943957711,0,0,0,96.58547431226455,96.9186226482208,0.5125063118007448,92.44444444444444,81.83333333333333,84.07407407407408,85.68888888888888,0,85.48246330068194,84.09876543209876
165,0.07136200912602002,0,97.88556605158827,0,0,0,97.04529633008534,97.3330302190614,0.5029422786500719,92.4074074074074,82.27777777777777,84.55555555555556,86.0,0,85.79929867468667,84.44444444444444
166,0.07008129279595757,0,97.86598795947334,0,0,0,97.05357192669227,97.3401497623973,0.5029422786500719,92.4074074074074,82.27777777777777,84.55555555555556,86.0,0,85.79929867468667,84.44444444444444
167,0.06316074354485743,0,98.1596593411972,0,0,0,97.36581696959135,97.62262389070099,0.5019733574655321,92.5925925925926,82.55555555555556,84.11111111111111,86.03333333333333,0,85.85396673946991,84.4814814814815
168,0.06372901124805963,0,98.05687435759386,0,0,0,97.34965533358813,97.60710015456094,0.5071185814009772,93.07407407407408,82.44444444444444,84.03703703703704,86.11111111111111,0,85.90827635229752,84.5679012345679
169,0.05967941916875509,0,98.26244432480055,0,0,0,97.40161414029238,97.65389249987584,0.497093091905117,92.66666666666667,83.36111111111111,84.03703703703704,86.35555555555555,0,86.17091480749572,84.8395061728395
170,0.059828655469432744,0,98.31138955508786,0,0,0,97.55016687589175,97.7886360279959,0.49489163044426177,92.77777777777777,83.08333333333333,84.29629629629629,86.35555555555555,0,86.18122373224742,84.8395061728395
171,0.05674466938141404,0,98.32607312417404,0,0,0,97.51189642037367,97.75444942747887,0.49796848909722435,92.85185185185185,82.86111111111111,84.22222222222223,86.26666666666667,0,86.08260155147521,84.74074074074073
172,0.05865791447230544,0,98.31628407811658,0,0,0,97.60469762943798,97.83812004512804,0.49473871456252205,93.0,82.69444444444444,84.81481481481481,86.42222222222222,0,86.24334875701027,84.91358024691358
173,0.05240553236861822,0,98.53164309138074,0,0,0,97.92468888340889,98.12687630900425,0.49473871456252205,93.0,82.69444444444444,84.81481481481481,86.42222222222222,0,86.24334875701027,84.91358024691358
174,0.05301506932266722,0,98.48269786109344,0,0,0,97.8656413689847,98.07306859750804,0.49473871456252205,93.0,82.69444444444444,84.81481481481481,86.42222222222222,0,86.24334875701027,84.91358024691358
175,0.05182724383207333,0,98.48269786109344,0,0,0,97.86525940493479,98.07529650981171,0.49473871456252205,93.0,82.69444444444444,84.81481481481481,86.42222222222222,0,86.24334875701027,84.91358024691358
176,0.050249634985881524,0,98.5414321374382,0,0,0,98.01099102965058,98.20433697196424,0.49473871456252205,93.0,82.69444444444444,84.81481481481481,86.42222222222222,0,86.24334875701027,84.91358024691358
177,0.04794623414948411,0,98.67847878224266,0,0,0,98.04765029609752,98.23865639160427,0.4829246603780323,93.03703703703704,83.30555555555556,85.37037037037037,86.84444444444445,0,86.6809992032649,85.38271604938272
178,0.04915613682773674,0,98.59527189075425,0,0,0,98.00265936319296,98.19940424385408,0.4829246603780323,93.03703703703704,83.30555555555556,85.37037037037037,86.84444444444445,0,86.6809992032649,85.38271604938272
179,0.043133065466419915,0,98.84978708824825,0,0,0,98.36060085388024,98.52204588228454,0.4829246603780323,93.03703703703704,83.30555555555556,85.37037037037037,86.84444444444445,0,86.6809992032649,85.38271604938272
180,0.04451376643836116,0,98.80084185796095,0,0,0,98.33395275932291,98.49858023729651,0.4829246603780323,93.03703703703704,83.30555555555556,85.37037037037037,86.84444444444445,0,86.6809992032649,85.38271604938272
181,0.04325913973446197,0,98.86447065733444,0,0,0,98.52001261064373,98.66552104392105,0.4829246603780323,93.03703703703704,83.30555555555556,85.37037037037037,86.84444444444445,0,86.6809992032649,85.38271604938272
182,0.044121168089968466,0,98.7616856737311,0,0,0,98.25348903377727,98.42440549144918,0.4829246603780323,93.03703703703704,83.30555555555556,85.37037037037037,86.84444444444445,0,86.6809992032649,85.38271604938272
183,0.044310605919887405,0,98.86447065733444,0,0,0,98.47384915102447,98.62483974455048,0.4829246603780323,93.03703703703704,83.30555555555556,85.37037037037037,86.84444444444445,0,86.6809992032649,85.38271604938272
184,0.04547103188456412,0,98.75189662767363,0,0,0,98.28442431423625,98.45296985184417,0.4829246603780323,93.03703703703704,83.30555555555556,85.37037037037037,86.84444444444445,0,86.6809992032649,85.38271604938272
185,0.04558433275822063,0,98.71763496647252,0,0,0,98.20088203470678,98.37855271936048,0.4980674642655585,93.22222222222223,83.22222222222223,85.11111111111111,86.78888888888889,0,86.59904820298598,85.32098765432097
186,0.04423385828122257,0,98.79594733493221,0,0,0,98.19612332283356,98.3722748815318,0.4980674642655585,93.22222222222223,83.22222222222223,85.11111111111111,86.78888888888889,0,86.59904820298598,85.32098765432097
187,0.04454690972912429,0,98.78615828887474,0,0,0,98.30858370045004,98.47522350713021,0.4980674642655585,93.22222222222223,83.22222222222223,85.11111111111111,86.78888888888889,0,86.59904820298598,85.32098765432097
188,0.04644645015018918,0,98.69316235132887,0,0,0,98.09400492954063,98.2819990478119,0.4980674642655585,93.22222222222223,83.22222222222223,85.11111111111111,86.78888888888889,0,86.59904820298598,85.32098765432097
189,0.04570391005105947,0,98.74210758161617,0,0,0,98.35418707415413,98.51522715205424,0.4980674642655585,93.22222222222223,83.22222222222223,85.11111111111111,86.78888888888889,0,86.59904820298598,85.32098765432097
190,0.043887793999193556,0,98.88404874944936,0,0,0,98.4422790797394,98.59598419583257,0.4980674642655585,93.22222222222223,83.22222222222223,85.11111111111111,86.78888888888889,0,86.59904820298598,85.32098765432097
191,0.04393773497800739,0,98.74210758161617,0,0,0,98.39808299528438,98.55448801355452,0.4980674642655585,93.22222222222223,83.22222222222223,85.11111111111111,86.78888888888889,0,86.59904820298598,85.32098765432097
192,0.044104894659353897,0,98.80084185796095,0,0,0,98.32744394158806,98.49159063455556,0.4980674642655585,93.22222222222223,83.22222222222223,85.11111111111111,86.78888888888889,0,86.59904820298598,85.32098765432097
193,0.04523465640255431,0,98.72252948950124,0,0,0,98.14145333209729,98.32404955462167,0.4980674642655585,93.22222222222223,83.22222222222223,85.11111111111111,86.78888888888889,0,86.59904820298598,85.32098765432097
194,0.0455799671038121,0,98.69316235132887,0,0,0,98.26018882271599,98.43050174716701,0.4980674642655585,93.22222222222223,83.22222222222223,85.11111111111111,86.78888888888889,0,86.59904820298598,85.32098765432097
195,0.04358458297408209,0,98.84978708824825,0,0,0,98.4138957755065,98.57032484475658,0.4980674642655585,93.22222222222223,83.22222222222223,85.11111111111111,86.78888888888889,0,86.59904820298598,85.32098765432097
196,0.04324586595824844,0,98.83999804219079,0,0,0,98.2891726266939,98.45719761272065,0.4980674642655585,93.22222222222223,83.22222222222223,85.11111111111111,86.78888888888889,0,86.59904820298598,85.32098765432097
197,0.04417520636881998,0,98.81552542704713,0,0,0,98.43642618263037,98.58954743640479,0.4980674642655585,93.22222222222223,83.22222222222223,85.11111111111111,86.78888888888889,0,86.59904820298598,85.32098765432097
198,0.04521912842548446,0,98.73721305858744,0,0,0,98.30984121609056,98.47651719547521,0.4980674642655585,93.22222222222223,83.22222222222223,85.11111111111111,86.78888888888889,0,86.59904820298598,85.32098765432097
199,0.04411759734716069,0,98.78126376584602,0,0,0,98.33783539400193,98.50123111894496,0.4980674642655585,93.22222222222223,83.22222222222223,85.11111111111111,86.78888888888889,0,86.59904820298598,85.32098765432097
